year,demand_prophet,prophet_lower,prophet_upper,demand_arima,arima_lower,arima_upper,demand_ensemble,lower_ci,upper_ci
2025,192.9771313510921,185.17909802337635,200.3888618509759,186.81736329556315,170.0175805933227,224.3555012994924,189.89724732332763,170.0175805933227,224.3555012994924
2026,200.9953219764462,192.60828235115463,208.8339691512634,192.75806509214536,166.0175805933227,228.3555012994924,196.87669353429578,166.0175805933227,228.3555012994924
2027,209.50153978376494,200.37945870509344,218.363737079851,198.6987668887276,162.0175805933227,232.3555012994924,204.10015333624625,162.0175805933227,232.3555012994924
2028,217.87765605698888,207.14957862630413,228.99708112506292,204.6394686853098,158.0175805933227,236.3555012994924,211.25856237114934,158.0175805933227,236.3555012994924
2029,225.52733691834482,214.2246917688718,237.3114412938114,210.58017048189203,154.0175805933227,240.3555012994924,218.05375370011842,154.0175805933227,240.3555012994924
2030,233.6702372453334,220.37512898824093,248.49186312530423,216.52087227847426,150.0175805933227,244.3555012994924,225.09555476190383,150.0175805933227,248.49186312530423
