year,demand_prophet,prophet_lower,prophet_upper,demand_arima,arima_lower,arima_upper,demand_ensemble,lower_ci,upper_ci,demand_optimistic,demand_prophet_optimistic,demand_pessimistic,demand_prophet_pessimistic
2025,192.9771313510921,185.18959790097963,200.12448242811277,186.81736329556315,178.62066561947327,195.01406097165304,189.89724732332763,178.62066561947327,200.12448242811277,196.1582314603413,202.31799951587027,183.37116804670535,189.5309361022343
2026,200.9953219764462,193.02793131993974,209.32332013451804,192.75806509214536,175.84336769660737,209.67276248768334,196.87669353429578,175.84336769660737,209.67276248768334,205.96614303335838,214.20339991765923,179.9885443068537,188.22580119115455
2027,209.50153978376494,200.78289543294133,218.5330654079979,198.6987668887276,172.54476773038323,224.85276604707195,204.10015333624625,172.54476773038323,224.85276604707195,216.2644501850263,227.06722308006366,176.66831938077027,187.47109227580762
2028,217.87765605698888,207.03187106903835,227.8722522628795,204.6394686853098,168.72486572080084,240.55407164981875,211.25856237114934,168.72486572080084,240.55407164981875,227.07767269427762,240.3158600659567,173.40934220577145,186.64752957745054
2029,225.52733691834482,214.3236157767255,237.55214157896282,210.58017048189203,164.38366166786022,256.7766792959238,218.05375370011842,164.38366166786022,256.7766792959238,238.43155632899152,253.3787227654443,170.21048295267505,185.15764938912784
2030,233.6702372453334,219.63120933774917,246.87450790902125,216.52087227847426,159.52115557156134,273.5205889853872,225.09555476190383,159.52115557156134,273.5205889853872,250.35313414544112,267.50249911230026,167.0706326341087,184.21999760096784
