year,demand_prophet,prophet_lower,prophet_upper,demand_arima,arima_lower,arima_upper,demand_ensemble,lower_ci,upper_ci,demand_optimistic,demand_pessimistic
2025,192.9771313510921,184.9839369534459,200.1362697300434,186.81736329556315,178.62066561947327,195.01406097165304,189.89724732332763,178.62066561947327,200.1362697300434,196.1582314603413,183.37116804670535
2026,200.9953219764462,192.42872240960932,208.99208397778096,192.75806509214536,175.84336769660737,209.67276248768334,196.87669353429578,175.84336769660737,209.67276248768334,205.96614303335838,179.9885443068537
2027,209.50153978376494,200.38531604987062,218.3367692669697,198.6987668887276,172.54476773038323,224.85276604707195,204.10015333624625,172.54476773038323,224.85276604707195,216.2644501850263,176.66831938077027
2028,217.87765605698888,208.03759288907332,228.09200417666014,204.6394686853098,168.72486572080084,240.55407164981875,211.25856237114934,168.72486572080084,240.55407164981875,227.07767269427762,173.40934220577145
2029,225.52733691834482,213.6639021770474,237.3794421158541,210.58017048189203,164.38366166786022,256.7766792959238,218.05375370011842,164.38366166786022,256.7766792959238,238.43155632899152,170.21048295267505
2030,233.6702372453334,220.06225842927364,248.45296879663314,216.52087227847426,159.52115557156134,273.5205889853872,225.09555476190383,159.52115557156134,273.5205889853872,250.35313414544112,167.0706326341087
