year,demand_prophet,prophet_lower,prophet_upper,demand_arima,arima_lower,arima_upper,demand_ensemble,lower_ci,upper_ci
2025,172.03647507745427,152.66678409469358,190.58745966909416,180.87666149898092,170.0175805933227,191.73574240463915,176.4565682882176,152.66678409469358,191.73574240463915
2026,175.7540369274265,156.6555877062215,196.15388491961616,180.87666149898092,159.14149155319458,202.61183144476726,178.31534921320372,156.6555877062215,202.61183144476726
2027,179.68643925042755,158.51697978506363,200.28489018206037,180.87666149898092,152.1205215106446,209.63280148731724,180.28155037470424,152.1205215106446,209.63280148731724
2028,187.76544405809113,166.89200735532128,207.50413321882638,180.87666149898092,146.50496439969038,215.24835859827147,184.32105277853603,146.50496439969038,215.24835859827147
2029,191.26903416161662,172.00732077375625,212.38037396925597,180.87666149898092,141.68595423384014,220.0673687641217,186.07284783029877,141.68595423384014,220.0673687641217
2030,194.986596011607,173.64071120019838,213.70861437714092,180.87666149898092,137.39782169846944,224.3555012994924,187.93162875529396,137.39782169846944,224.3555012994924
